lastName_x,firstName_x,middleName_x,employeeNum,title,hireDate,matchName,lastName_y,firstName_y,middleName_y,city,state,mailZipCode,licensePrefix,licenseNumber,licenseExpirationDate,licenseStatusDescription
Ackerman,Serena,Maija,97,CRNA,3/16/2009 0:00,AckermanSerena,Ackerman,Serena,Maija,Mount Shasta,CA,96067,RN,181740.0,09/30/2021 12:00:00 AM,Active
Adams,Chad,R,1049,CRNA,7/2/2018 0:00,AdamsChad,Adams,Chad,A,Longmont,CO,80503,RN,167534.0,09/30/2021 12:00:00 AM,Active
Ahern,Caitlin,Moira,1260,CRNA,10/23/2020 0:00,AhernCaitlin,Ahern,Caitlin,Moira,Englewood,CO,80112,RN,1622686.0,09/30/2021 12:00:00 AM,Active
Bishop,Trent,M,1258,CRNA,11/13/2020 0:00,BishopTrent,Bishop,Trent,M,Durango,CO,81301,RN,1671331.0,09/30/2022 12:00:00 AM,Active
Boudreaux,David,Michael,551,CRNA,10/12/2010 0:00,BoudreauxDavid,Boudreaux,David,Michael,New Orleans,LA,70119,RN,197160.0,09/30/2022 12:00:00 AM,Active
Brunin,Tara,Suzanne,168,CRNA,8/9/2011 0:00,BruninTara,Brunin,Tara,Suzanne,Windsor,CO,80550,RN,160403.0,09/30/2021 12:00:00 AM,Active
Burgos-Viera,Nelson,,623,CRNA,1/24/2017 0:00,Burgos-VieraNelson,Burgos-Viera,Nelson,,Arvada,CO,80004,RN,1645472.0,09/30/2022 12:00:00 AM,Active
Carpenter,Leah,Sue,513,CRNA,3/30/2007 0:00,CarpenterLeah,Carpenter,Leah,Sue,Tampa,FL,33621,RN,180068.0,09/30/2021 12:00:00 AM,Active
Christie,Timothy,Robert,139,CRNA,12/16/2010 0:00,ChristieTimothy,Christie,Timothy,Robert,Cheyenne,WY,82001,RN,197930.0,09/30/2022 12:00:00 AM,Active
Copelin,Craig,Ernst,1261,CRNA,10/9/2020 0:00,CopelinCraig,Copelin,Craig,Ernst,Salida,CO,81201,RN,1671382.0,09/30/2022 12:00:00 AM,Active
Davignon,Amy,Rebecca,1234,CRNA,8/14/2009 0:00,DavignonAmy,Davignon,Amy,Rebecca,Hickory,NC,28601,RN,177961.0,09/30/2022 12:00:00 AM,Active
De Lay,Mary,S,662,CRNA,3/10/2010 0:00,De LayMary,De Lay,Mary,S,Buena Vista,CO,81211,RN,1658405.0,09/30/2022 12:00:00 AM,Active
Dunn,Alexander,Joseph,254,CRNA,3/28/2016 0:00,DunnAlexander,Dunn,Alexander,Joseph,Pueblo,CO,81004,RN,190775.0,09/30/2021 12:00:00 AM,Active
Engelmann,Amy,Lynne,499,CRNA,10/4/2011 0:00,EngelmannAmy,Engelmann,Amy,Lynne,Amarillo,TX,79119,RN,202240.0,09/30/2021 12:00:00 AM,Active
Engstrom,Jaclyn,Marie,591,CRNA,10/8/2019 0:00,EngstromJaclyn,Engstrom,Jaclyn,Marie,Denver,CO,80212,RN,196212.0,09/30/2021 12:00:00 AM,Active
Fulton,Dustin,Phillip,1253,CRNA,12/4/2020 0:00,FultonDustin,Fulton,Dustin,Phillip,Colorado Springs,CO,80906,RN,1671641.0,09/30/2022 12:00:00 AM,Active
Gates,Niki,Lynn,522,CRNA,6/19/2018 0:00,GatesNiki,,,,,,,,,,
Hemsley,Chase,Tyler,1257,CRNA,11/24/2020 0:00,HemsleyChase,Hemsley,Chase,Tyler,Castle Rock,CO,80109,RN,1671494.0,09/30/2022 12:00:00 AM,Active
Heringhaus,Nathan,S,1041,CRNA,4/15/2015 0:00,HeringhausNathan,Heringhaus,Nathan,S,Denver,CO,80204,RN,1631946.0,09/30/2021 12:00:00 AM,Active
Hermsmeier,Michael,Archie,617,CRNA,2/16/2011 0:00,HermsmeierMichael,Hermsmeier,Michael,Archie,WINDSOR,CO,80550,RN,172125.0,09/30/2021 12:00:00 AM,Active
Husfeld,Richard,,1254,CRNA,11/25/2020 0:00,HusfeldRichard,Husfeld,Richard,,Frederick,CO,80516,RN,1671503.0,09/30/2022 12:00:00 AM,Active
Jernigan,Amanda,Rhea,129,CRNA,3/14/2017 0:00,JerniganAmanda,Jernigan,Amanda,Rhea,Nashville,TN,37205,RN,195510.0,03/14/2017 12:00:00 AM,Expired
Karpowitz,Bradley,R,280,CRNA,3/30/2020 0:00,KarpowitzBradley,Karpowitz,Bradley,R,Fort Collins,CO,80528,RN,1667544.0,09/30/2022 12:00:00 AM,Active
Knowles,Phil,Ramsey,895,CRNA,6/13/2014 0:00,KnowlesPhil,Knowles,Phil,Ramsey,Loveland,CO,80537,RN,163983.0,09/30/2022 12:00:00 AM,Active
Lagrimas,Carl,,775,CRNA,9/27/2019 0:00,LagrimasCarl,,,,,,,,,,
Lam,Bao,Thai,370,CRNA,3/2/2018 0:00,LamBao,,,,,,,,,,
Lee,Michael,John,904,CRNA,10/7/2013 0:00,LeeMichael,Lee,Michael,John,FORT COLLINS,CO,80525,RN,1622976.0,09/30/2021 12:00:00 AM,Active
Macaulay,Katharine,San,362,CRNA,3/27/1995 0:00,MacaulayKatharine,Macaulay,Katharine,San,Pueblo,CO,81004,RN,95070.0,09/30/2022 12:00:00 AM,Active
Mahannah,Wren,Winnicki,435,CRNA,1/10/2020 0:00,MahannahWren,Mahannah,Wren,Winnicki,Aurora,CO,80012,RN,1635850.0,09/30/2021 12:00:00 AM,Active
Martic,Ivan,,1259,CRNA,10/27/2020 0:00,MarticIvan,Martic,Ivan,,Colorado Springs,CO,80910,RN,1670907.0,09/30/2022 12:00:00 AM,Active
McChristian,Kathleen,Mary,341,CRNA,12/5/2017 0:00,McChristianKathleen,McChristian,Kathleen,Mary,Evanston,IL,60201,RN,1648201.0,09/30/2021 12:00:00 AM,Active
McKay,Kelly,,887,CRNA,8/25/2015 0:00,McKayKelly,McKay,Kelly,,Palo Alto,CA,94301,RN,1634066.0,09/30/2021 12:00:00 AM,Active
McNaughton,Stacey,Ann,619,CRNA,7/22/2009 0:00,McNaughtonStacey,McNaughton,Stacey,Ann,Fort Collins,CO,80528,RN,190734.0,09/30/2021 12:00:00 AM,Active
Oliveti,Joseph,Bruno,897,CRNA,10/4/2012 0:00,OlivetiJoseph,Oliveti,Joseph,Bruno,Dillon,CO,80435,RN,162979.0,09/30/2022 12:00:00 AM,Active
Pacione,Nicholas,John,235,CRNA,12/4/2015 0:00,PacioneNicholas,Pacione,Nicholas,John,Pueblo,CO,81004,RN,1635685.0,09/30/2021 12:00:00 AM,Active
Parslow,Janelle,Ann Duray,404,CRNA,1/8/2008 0:00,ParslowJanelle,Parslow,Janelle,Ann Duray,Riverside,IL,60546,RN,162588.0,09/30/2022 12:00:00 AM,Active
Pope,Charles,Jeffrey,714,CRNA,3/10/2010 0:00,PopeCharles,Pope,Charles,Jeffrey,Erie,CO,80516,RN,194585.0,09/30/2022 12:00:00 AM,Active
Pradka,Anna,,958,CRNA,9/29/2017 0:00,PradkaAnna,Pradka,Anna,,Boulder,CO,80304,RN,1651366.0,09/30/2021 12:00:00 AM,Active
Racette,Aimee,Marie,663,CRNA,11/18/2003 0:00,RacetteAimee,Racette,Aimee,Marie,LAKEWOOD,CO,80228,RN,120548.0,09/30/2020 12:00:00 AM,Active
Romero,Thomas,Andrew,936,CRNA,1/17/2017 0:00,RomeroThomas,Romero,Thomas,Andrew,Littleton,CO,80128,RN,174917.0,09/30/2022 12:00:00 AM,Active
Rosenblum,Carla,Sue,500,CRNA,1/12/2007 0:00,RosenblumCarla,Rosenblum,Carla,Sue,Dillon,CO,80435,RN,111054.0,09/30/2021 12:00:00 AM,Active
Rota,Robert,A,948,CRNA,5/8/1995 0:00,RotaRobert,Rota,Robert,A,Colorado Springs,CO,80908,RN,64882.0,09/30/2021 12:00:00 AM,Active
Sauthoff,Andrew,M,877,CRNA,2/27/2018 0:00,SauthoffAndrew,Sauthoff,Andrew,M,Westminster,CO,80031,RN,198746.0,09/30/2021 12:00:00 AM,Active
Schimmel,Carolyn,Marie,1207,CRNA,12/30/2002 0:00,SchimmelCarolyn,Schimmel,Carolyn,Marie,Steamboat Springs,CO,80487,RN,162240.0,09/30/2022 12:00:00 AM,Active
Selby,Amanda,Lucinda,200,CRNA,10/26/2010 0:00,SelbyAmanda,Selby,Amanda,Lucinda,Newport,WA,99156,RN,175174.0,09/30/2020 12:00:00 AM,Active
Semmes,Michelle,Leigh,839,CRNA,3/14/2019 0:00,SemmesMichelle,Semmes,Michelle,Leigh,Portland,OR,97215,RN,1660581.0,09/30/2021 12:00:00 AM,Active
Shank,Claudine,Dale A,107,CRNA,7/7/2004 0:00,ShankClaudine,Shank,Claudine,Dale A,Colorado Springs,CO,80921,RN,114275.0,09/30/2022 12:00:00 AM,Active
Sherman,Lauren,Roberts,724,CRNA,1/25/2012 0:00,ShermanLauren,Sherman,Lauren,Roberts,Aurora,CO,80016,RN,183786.0,09/30/2021 12:00:00 AM,Active
Sims,John,,112,CRNA,12/13/2016 0:00,SimsJohn,,,,,,,,,,
Skinner,Zachary,,697,CRNA,1/23/2020 0:00,SkinnerZachary,,,,,,,,,,
Starr,Ann,Warner,969,CRNA,12/13/2018 0:00,StarrAnn,Starr,Ann,Warner,Royal Oak,MD,21662,RN,122350.0,12/15/2011 12:00:00 AM,Expired
Taylor,Andrea,Lyn,1108,CRNA,4/17/2000 0:00,TaylorAndrea,Taylor,Andrea,Lyn,Denver,CO,80205,RN,93157.0,09/30/2022 12:00:00 AM,Active
Tegtmeyer,Katherine,Yvonne,1224,CRNA,2/17/2015 0:00,TegtmeyerKatherine,Tegtmeyer,Katherine,Yvonne,Springfield,OR,97478,RN,189385.0,09/30/2021 12:00:00 AM,Active
Thiel,Sara,Kirsten,1039,CRNA,2/11/2015 0:00,ThielSara,Thiel,Sara,Kirsten,Denver,CO,80224,RN,184498.0,09/30/2021 12:00:00 AM,Active
Tilbury,Christine,Nicole,213,CRNA,7/6/2010 0:00,TilburyChristine,Tilbury,Christine,Nicole,Lakewood,CO,80222,RN,140974.0,09/30/2021 12:00:00 AM,Active
Tobin,David,A,40,CRNA,12/27/2016 0:00,TobinDavid,Tobin,David,A,winston salem,NC,27103,RN,1639802.0,09/30/2020 12:00:00 AM,Active
Vallier,Jonelle,Lynae,382,CRNA,1/6/2012 0:00,VallierJonelle,Vallier,Jonelle,Lynae,Salida,CO,81201,RN,123376.0,09/30/2021 12:00:00 AM,Active
Vial,Leslie,Elaine,334,CRNA,8/29/2018 0:00,VialLeslie,,,,,,,,,,
Wallace,Rachel,Renee,1262,CRNA,10/1/2020 0:00,WallaceRachel,Wallace,Rachel,Renee,Dolores,CO,81323,RN,1670130.0,09/30/2022 12:00:00 AM,Active
Wehrman,Amy,M,929,CRNA,3/27/2003 0:00,WehrmanAmy,Wehrman,Amy,M,Greeley,CO,80634,RN,163099.0,09/30/2022 12:00:00 AM,Active
Wesselink,Darin,Drew,208,CRNA,1/13/2020 0:00,WesselinkDarin,Wesselink,Darin,Drew,Centennial,CO,80112,RN,111985.0,09/30/2021 12:00:00 AM,Active
Wieser,Christopher,Lee,1215,CRNA,5/5/2020 0:00,WieserChristopher,,,,,,,,,,
Woody,Patricia,McGuire,434,CRNA,1/23/2018 0:00,WoodyPatricia,Woody,Patricia,McGuire,Pueblo,CO,81003,RN,1652325.0,09/30/2021 12:00:00 AM,Active
Wright,Henry,Wilson,824,CRNA,1/9/2007 0:00,WrightHenry,Wright,Henry,Wilson,Lone Tree,CO,80124,RN,125879.0,09/30/2022 12:00:00 AM,Active
Zimmerman,Philip,Ward,508,CRNA,10/16/2019 0:00,ZimmermanPhilip,Zimmerman,Philip,Ward,Fort Collins,CO,80525,RN,1664598.0,09/30/2021 12:00:00 AM,Active
